request_id,incident_id,type,urgency,people_count,vulnerable_population,waiting_hours,flood_depth_meters,infrastructure_cutoff,ground_truth_score,severity_label
REQ-1001,INC-104,Medical,CRITICAL,42,1,0.5,1.2,1,96,CRITICAL
REQ-1002,INC-104,Rescue,CRITICAL,18,1,0.8,1.5,1,94,CRITICAL
REQ-1003,INC-104,Water,CRITICAL,350,1,1.2,0.6,1,91,CRITICAL
REQ-1004,INC-104,Food,HIGH,85,0,2.5,0.4,0,82,HIGH
REQ-1005,INC-104,Shelter,HIGH,160,1,1.8,0.5,1,87,HIGH
REQ-1006,INC-104,Medical,CRITICAL,22,1,0.4,0.9,1,97,CRITICAL
REQ-1007,INC-102,Rescue,HIGH,7,0,0.6,0.0,0,85,HIGH
REQ-1008,INC-103,Sanitation,MEDIUM,220,0,3.2,0.0,0,71,MEDIUM
REQ-1009,INC-104,Electricity,HIGH,30,0,2.1,0.3,0,84,HIGH
REQ-1010,INC-104,Transportation,HIGH,38,1,1.5,0.5,1,86,HIGH
REQ-1011,INC-101,Communication,MEDIUM,110,0,4.0,0.2,0,74,MEDIUM
REQ-1012,INC-104,Water,CRITICAL,280,1,1.0,0.8,1,89,CRITICAL
REQ-1013,INC-104,Medical,HIGH,15,0,1.9,0.4,0,86,HIGH
REQ-1014,INC-104,Clothing,MEDIUM,120,1,3.5,0.2,0,68,MEDIUM
REQ-1015,INC-109,Water,HIGH,500,1,1.4,0.1,0,88,HIGH
REQ-1016,INC-104,Food,HIGH,450,0,2.2,0.3,0,79,HIGH
REQ-1017,INC-104,Rescue,CRITICAL,26,1,0.7,2.0,1,95,CRITICAL
REQ-1018,INC-104,Medical,CRITICAL,2,1,0.2,0.8,1,98,CRITICAL
REQ-1019,INC-106,Electricity,CRITICAL,15,0,0.5,0.0,0,93,CRITICAL
REQ-1020,INC-104,Sanitation,MEDIUM,210,0,4.5,0.2,0,72,MEDIUM
REQ-1021,INC-102,Medical,HIGH,9,0,1.1,0.0,0,83,HIGH
REQ-1022,INC-104,Transportation,MEDIUM,50,0,3.8,0.3,0,65,MEDIUM
REQ-1023,INC-104,Water,HIGH,1200,0,2.0,0.1,0,85,HIGH
REQ-1024,INC-105,Rescue,HIGH,4,0,1.0,0.0,0,81,HIGH
REQ-1025,INC-104,Food,CRITICAL,65,1,0.9,0.7,1,95,CRITICAL
REQ-1026,INC-104,Shelter,HIGH,90,1,2.0,0.5,1,82,HIGH
REQ-1027,INC-104,Medical,HIGH,8,1,1.2,0.4,0,87,HIGH
REQ-1028,INC-104,Communication,MEDIUM,1,0,5.0,0.1,0,73,MEDIUM
REQ-1029,INC-107,Medical,MEDIUM,12,0,2.4,0.0,0,70,MEDIUM
REQ-1030,INC-104,Rescue,LOW,4,0,4.2,0.6,0,58,LOW
