dispatch_id,incident_id,request_id,team_id,vehicle_type,distance_km,transit_minutes,arrival_status,road_condition,lives_assisted,delivered_intact
DSP-801,INC-104,REQ-1048,TEAM-R07,Amphibious ARV-04,2.8,14,ON_TIME,FLOODED_PASSABLE,42,1
DSP-802,INC-104,REQ-1049,TEAM-R07,Inflatable Boat Z-03,3.4,18,ON_TIME,HIGH_SURGE,18,1
DSP-803,INC-104,REQ-1050,LOG-L02,Water Tanker V-12,5.2,22,ON_TIME,PARTIAL_OBSTRUCTION,350,1
DSP-804,INC-104,REQ-1051,LOG-L02,Elevated 4x4 Truck,4.1,19,ON_TIME,DEBRIS_CLEAR,85,1
DSP-805,INC-104,REQ-1053,MED-M04,4x4 Mobile Clinic,3.8,16,ON_TIME,SUBMERGED_BORDER,22,1
DSP-806,INC-102,REQ-1054,USAR-U02,Heavy Rescue Rig,1.9,11,ON_TIME,RUBBLE_NARROW,7,1
DSP-807,INC-103,REQ-1055,HAZMAT-H01,Hazmat Containment Van,6.5,26,ON_TIME,CLEAR_HIGHWAY,220,1
DSP-808,INC-104,REQ-1059,LOG-L03,Water Tanker V-15,4.7,21,ON_TIME,FLOODED_CULVERT,280,1
DSP-809,INC-104,REQ-1064,TEAM-R07,Motorized Zodiac Boat,2.9,15,ON_TIME,SWIFT_CURRENT,26,1
DSP-810,INC-104,REQ-1072,LOG-L01,Supply Van 4WD,3.6,17,ON_TIME,MUD_SLURRY,65,1
