record_date,incident_id,disaster_type,affected_population,sheltered_population,potable_water_liters_24h,mre_ration_packs_24h,trauma_kits_24h,generator_fuel_liters_24h,actual_shortfall_liters
2026-10-01,INC-104,Flood,4200,850,14500,2800,85,620,0
2026-10-02,INC-104,Flood,6100,1400,22000,4100,120,950,1500
2026-10-03,INC-104,Flood,7800,2100,29500,5800,165,1200,3200
2026-10-04,INC-104,Flood,8450,2650,34000,7200,195,1450,6400
2026-10-05,INC-104,Flood,8900,2920,36500,7900,210,1600,7800
2026-09-20,INC-101,Cyclone,5200,1800,18500,3900,110,800,0
2026-09-21,INC-101,Cyclone,6800,2400,25000,5100,140,1100,1800
2026-09-12,INC-102,Earthquake,1850,600,7500,1600,95,350,0
2026-08-15,INC-107,Heatwave,3100,450,16000,1200,40,250,0
2026-07-28,INC-103,Chemical,1200,300,5200,950,65,180,0
